"Id";"Designator";"Footprint";"Quantity";"Designation";"Supplier and ref";
1;"J12";"MOLEX_73251-1350";1;"DSI0_LN3_P";;;
2;"J9";"MOLEX_73251-1350";1;"DSI0_CLK_N";;;
3;"J11";"MOLEX_73251-1350";1;"DSI0_LN2_N";;;
4;"J8";"MOLEX_73251-1350";1;"DSI0_CLK_P";;;
5;"J4";"MOLEX_73251-1350";1;"DSI0_LN1_P";;;
6;"J6";"MOLEX_73251-1350";1;"DSI0_LN0_P";;;
7;"J7";"MOLEX_73251-1350";1;"DSI0_LN0_N";;;
8;"J3";"PinHeader_2x10_P2.54mm_Vertical";1;"Conn_02x10_Odd_Even";;;
9;"J1";"SAMTEC_SEAF-20-05.0-S-08-2-A-K-TR";1;"SEAF-20-05.0-S-08-2-A-K-TR";;;
10;"TP1";"TestPoint_THTPad_D1.5mm_Drill0.7mm";1;"GND";;;
11;"J5";"MOLEX_73251-1350";1;"DSI0_LN1_N";;;
12;"J13";"MOLEX_73251-1350";1;"DSI0_LN3_N";;;
13;"J10";"MOLEX_73251-1350";1;"DSI0_LN2_P";;;
14;"J2";"SAMTEC_TSM-110-01-L-DV-P-TR";1;"TSM-110-01-L-DV-P-TR";;;
